"X","Y","Leng_T.series","Effect_sens","lag","i","j","P_val_WT","Effect_Size","Coef_b11","Coef_b21","Coef_a1"
"Eutrigla_gurnardus_juv","Eledone_cirrhosa_juv",28,"x_cause_y",1,2,1,0.722,-0.01,-0.08,-0.1,-0.1
"Helicolenus_dactylopterus_juv","Eledone_cirrhosa_juv",28,"x_cause_y",1,3,1,0.144,0.08,-0.2,-0.09,-0.1
"Lophius_budegassa_juv","Eledone_cirrhosa_juv",28,"x_cause_y",1,4,1,0.984,-0.01,0,-0.1,-0.1
"Merluccius_merluccius_juv","Eledone_cirrhosa_juv",28,"x_cause_y",1,5,1,0.638,0,0.07,-0.1,-0.1
"Nephrops_norvegicus_juv","Eledone_cirrhosa_juv",28,"x_cause_y",1,6,1,0.502,0.01,0.12,-0.15,-0.1
"Phycis_blennoides_juv","Eledone_cirrhosa_juv",28,"x_cause_y",1,7,1,0.173,0.07,-0.21,-0.15,-0.1
"Trachurus_mediterraneus_juv","Eledone_cirrhosa_juv",28,"x_cause_y",1,8,1,0.765,-0.01,-0.02,-0.11,-0.1
"Trachurus_trachurus_juv","Eledone_cirrhosa_juv",28,"x_cause_y",1,9,1,0.804,-0.01,-0.03,-0.1,-0.1
"Trisopterus_capelanus_juv","Eledone_cirrhosa_juv",28,"x_cause_y",1,10,1,0.061,0.14,0.3,-0.12,-0.1
"Eledone_cirrhosa_adu","Eledone_cirrhosa_juv",28,"x_cause_y",1,11,1,0.746,-0.01,0.09,-0.13,-0.1
"Eutrigla_gurnardus_adu","Eledone_cirrhosa_juv",28,"x_cause_y",1,12,1,0.605,0,0.09,-0.11,-0.1
"Helicolenus_dactylopterus_adu","Eledone_cirrhosa_juv",28,"x_cause_y",1,13,1,0.573,0,0.15,-0.13,-0.1
"Lophius_budegassa_adu","Eledone_cirrhosa_juv",28,"x_cause_y",1,14,1,0.803,-0.01,-0.05,-0.11,-0.1
"Merluccius_merluccius_adu","Eledone_cirrhosa_juv",28,"x_cause_y",1,15,1,0.149,0.08,-0.35,-0.1,-0.1
"Mullus_barbatus_adu","Eledone_cirrhosa_juv",28,"x_cause_y",1,16,1,0.752,-0.01,-0.06,-0.1,-0.1
"Nephrops_norvegicus_adu","Eledone_cirrhosa_juv",28,"x_cause_y",1,17,1,0.993,-0.01,0.01,-0.1,-0.1
"Phycis_blennoides_adu","Eledone_cirrhosa_juv",28,"x_cause_y",1,18,1,0.749,-0.01,-0.08,-0.11,-0.1
"Trachurus_mediterraneus_adu","Eledone_cirrhosa_juv",28,"x_cause_y",1,19,1,0.785,-0.01,-0.03,-0.11,-0.1
"Trachurus_trachurus_adu","Eledone_cirrhosa_juv",28,"x_cause_y",1,20,1,0.895,-0.01,0.01,-0.1,-0.1
"Trisopterus_capelanus_adu","Eledone_cirrhosa_juv",28,"x_cause_y",1,21,1,0.893,-0.01,-0.03,-0.1,-0.1
"Sardina_pilchardus","Eledone_cirrhosa_juv",27,"x_cause_y",1,22,1,0.01,0.28,0.52,0.01,0.03
"Engraulis_encrasicolus","Eledone_cirrhosa_juv",27,"x_cause_y",1,23,1,0.845,0,-0.04,0.04,0.03
"Citharus_linguatula","Eledone_cirrhosa_juv",28,"x_cause_y",1,24,1,0.163,0.07,-0.19,-0.17,-0.1
"Illex_coindetii","Eledone_cirrhosa_juv",28,"x_cause_y",1,25,1,0.609,0,-0.05,-0.1,-0.1
"Lepidorhombus_boscii","Eledone_cirrhosa_juv",28,"x_cause_y",1,26,1,0.146,0.07,-0.45,-0.1,-0.1
"Loligo_vulgaris","Eledone_cirrhosa_juv",28,"x_cause_y",1,27,1,0.902,-0.01,0.01,-0.11,-0.1
"Lophius_piscatorius","Eledone_cirrhosa_juv",28,"x_cause_y",1,28,1,0.785,-0.01,0.04,-0.11,-0.1
"Micromesistius_poutassou","Eledone_cirrhosa_juv",28,"x_cause_y",1,29,1,0.704,0,0.04,-0.11,-0.1
"Mullus_surmuletus","Eledone_cirrhosa_juv",28,"x_cause_y",1,30,1,0.269,0.04,0.23,-0.08,-0.1
"Octopus_vulgaris","Eledone_cirrhosa_juv",28,"x_cause_y",1,31,1,0.048,0.15,0.49,-0.23,-0.1
"Pagellus_acarne","Eledone_cirrhosa_juv",28,"x_cause_y",1,32,1,0.227,0.05,0.14,-0.1,-0.1
"Pagellus_bogaraveo","Eledone_cirrhosa_juv",28,"x_cause_y",1,33,1,0.689,-0.01,0.03,-0.1,-0.1
"Pagellus_erythrinus","Eledone_cirrhosa_juv",28,"x_cause_y",1,34,1,0.349,0.02,0.09,-0.08,-0.1
"Solea_solea","Eledone_cirrhosa_juv",28,"x_cause_y",1,35,1,0.432,0.01,-0.09,-0.09,-0.1
"Zeus_faber","Eledone_cirrhosa_juv",28,"x_cause_y",1,36,1,0.468,0.01,-0.09,-0.1,-0.1
"Eledone_cirrhosa_juv","Lophius_budegassa_juv",28,"x_cause_y",1,1,4,0.332,0.03,-0.25,0.45,0.42
"Eutrigla_gurnardus_juv","Lophius_budegassa_juv",28,"x_cause_y",1,2,4,0.434,0.02,-0.27,0.46,0.42
"Helicolenus_dactylopterus_juv","Lophius_budegassa_juv",28,"x_cause_y",1,3,4,0.128,0.09,-0.3,0.41,0.42
"Merluccius_merluccius_juv","Lophius_budegassa_juv",28,"x_cause_y",1,5,4,0.556,0.01,-0.13,0.39,0.42
"Nephrops_norvegicus_juv","Lophius_budegassa_juv",28,"x_cause_y",1,6,4,0.223,0.05,-0.29,0.45,0.42
"Phycis_blennoides_juv","Lophius_budegassa_juv",28,"x_cause_y",1,7,4,0.882,-0.01,0.03,0.43,0.42
"Trachurus_mediterraneus_juv","Lophius_budegassa_juv",28,"x_cause_y",1,8,4,0.021,0.21,0.2,0.36,0.42
"Trachurus_trachurus_juv","Lophius_budegassa_juv",28,"x_cause_y",1,9,4,0.566,0,0.09,0.41,0.42
"Trisopterus_capelanus_juv","Lophius_budegassa_juv",28,"x_cause_y",1,10,4,0.252,0.05,-0.26,0.42,0.42
"Eledone_cirrhosa_adu","Lophius_budegassa_juv",28,"x_cause_y",1,11,4,0.816,-0.01,-0.07,0.41,0.42
"Eutrigla_gurnardus_adu","Lophius_budegassa_juv",28,"x_cause_y",1,12,4,0.834,-0.01,0.05,0.42,0.42
"Helicolenus_dactylopterus_adu","Lophius_budegassa_juv",28,"x_cause_y",1,13,4,0.579,0,-0.21,0.42,0.42
"Lophius_budegassa_adu","Lophius_budegassa_juv",28,"x_cause_y",1,14,4,0.722,0,0.11,0.43,0.42
"Merluccius_merluccius_adu","Lophius_budegassa_juv",28,"x_cause_y",1,15,4,0.792,-0.01,-0.09,0.43,0.42
"Mullus_barbatus_adu","Lophius_budegassa_juv",28,"x_cause_y",1,16,4,0.007,0.28,0.64,0.16,0.42
"Nephrops_norvegicus_adu","Lophius_budegassa_juv",28,"x_cause_y",1,17,4,0.54,0.01,-0.2,0.41,0.42
"Phycis_blennoides_adu","Lophius_budegassa_juv",28,"x_cause_y",1,18,4,0.507,0.01,0.24,0.43,0.42
"Trachurus_mediterraneus_adu","Lophius_budegassa_juv",28,"x_cause_y",1,19,4,0.262,0.04,0.16,0.37,0.42
"Trachurus_trachurus_adu","Lophius_budegassa_juv",28,"x_cause_y",1,20,4,0.503,0.01,0.09,0.4,0.42
"Trisopterus_capelanus_adu","Lophius_budegassa_juv",28,"x_cause_y",1,21,4,0.404,0.02,-0.3,0.36,0.42
"Sardina_pilchardus","Lophius_budegassa_juv",27,"x_cause_y",1,22,4,0.669,0.01,0.14,0.5,0.53
"Engraulis_encrasicolus","Lophius_budegassa_juv",27,"x_cause_y",1,23,4,0.296,0.05,0.35,0.57,0.53
"Citharus_linguatula","Lophius_budegassa_juv",28,"x_cause_y",1,24,4,0.394,0.02,0.17,0.43,0.42
"Illex_coindetii","Lophius_budegassa_juv",28,"x_cause_y",1,25,4,0.029,0.19,0.3,0.2,0.42
"Lepidorhombus_boscii","Lophius_budegassa_juv",28,"x_cause_y",1,26,4,0.688,0,-0.17,0.42,0.42
"Loligo_vulgaris","Lophius_budegassa_juv",28,"x_cause_y",1,27,4,0.121,0.09,0.14,0.33,0.42
"Lophius_piscatorius","Lophius_budegassa_juv",28,"x_cause_y",1,28,4,0.875,-0.01,-0.05,0.45,0.42
"Micromesistius_poutassou","Lophius_budegassa_juv",28,"x_cause_y",1,29,4,0.519,0.01,-0.09,0.37,0.42
"Mullus_surmuletus","Lophius_budegassa_juv",28,"x_cause_y",1,30,4,0.517,0.01,0.19,0.43,0.42
"Octopus_vulgaris","Lophius_budegassa_juv",28,"x_cause_y",1,31,4,0.54,0.01,0.22,0.4,0.42
"Pagellus_acarne","Lophius_budegassa_juv",28,"x_cause_y",1,32,4,0.019,0.23,-0.41,0.26,0.42
"Pagellus_bogaraveo","Lophius_budegassa_juv",28,"x_cause_y",1,33,4,0.079,0.12,0.22,0.27,0.42
"Pagellus_erythrinus","Lophius_budegassa_juv",28,"x_cause_y",1,34,4,0.028,0.19,0.31,0.32,0.42
"Solea_solea","Lophius_budegassa_juv",28,"x_cause_y",1,35,4,0.648,0,0.08,0.43,0.42
"Zeus_faber","Lophius_budegassa_juv",28,"x_cause_y",1,36,4,0.639,0,-0.09,0.4,0.42
"Eledone_cirrhosa_juv","Merluccius_merluccius_juv",28,"x_cause_y",1,1,5,0.613,0.01,-0.12,0.22,0.23
"Eutrigla_gurnardus_juv","Merluccius_merluccius_juv",28,"x_cause_y",1,2,5,0.81,0,0.07,0.22,0.23
"Helicolenus_dactylopterus_juv","Merluccius_merluccius_juv",28,"x_cause_y",1,3,5,0.499,0.02,0.13,0.21,0.23
"Lophius_budegassa_juv","Merluccius_merluccius_juv",28,"x_cause_y",1,4,5,0.143,0.09,-0.24,0.14,0.23
"Nephrops_norvegicus_juv","Merluccius_merluccius_juv",28,"x_cause_y",1,6,5,0.213,0.06,0.31,0.09,0.23
"Phycis_blennoides_juv","Merluccius_merluccius_juv",28,"x_cause_y",1,7,5,0.669,0.01,0.09,0.2,0.23
"Trachurus_mediterraneus_juv","Merluccius_merluccius_juv",28,"x_cause_y",1,8,5,0.771,0,0.02,0.23,0.23
"Trachurus_trachurus_juv","Merluccius_merluccius_juv",28,"x_cause_y",1,9,5,0.337,0.04,-0.14,0.18,0.23
"Trisopterus_capelanus_juv","Merluccius_merluccius_juv",28,"x_cause_y",1,10,5,0.371,0.03,-0.2,0.27,0.23
"Eledone_cirrhosa_adu","Merluccius_merluccius_juv",28,"x_cause_y",1,11,5,0.37,0.03,0.27,0.2,0.23
"Eutrigla_gurnardus_adu","Merluccius_merluccius_juv",28,"x_cause_y",1,12,5,0.129,0.1,0.38,0.05,0.23
"Helicolenus_dactylopterus_adu","Merluccius_merluccius_juv",28,"x_cause_y",1,13,5,0.119,0.1,0.54,0.16,0.23
"Lophius_budegassa_adu","Merluccius_merluccius_juv",28,"x_cause_y",1,14,5,0.006,0.32,0.77,-0.04,0.23
"Merluccius_merluccius_adu","Merluccius_merluccius_juv",28,"x_cause_y",1,15,5,0.008,0.3,0.8,0.22,0.23
"Mullus_barbatus_adu","Merluccius_merluccius_juv",28,"x_cause_y",1,16,5,0.013,0.26,-0.56,-0.06,0.23
"Nephrops_norvegicus_adu","Merluccius_merluccius_juv",28,"x_cause_y",1,17,5,0.251,0.05,0.38,0.13,0.23
"Phycis_blennoides_adu","Merluccius_merluccius_juv",28,"x_cause_y",1,18,5,0.055,0.16,0.61,0.24,0.23
"Trachurus_mediterraneus_adu","Merluccius_merluccius_juv",28,"x_cause_y",1,19,5,0.595,0.01,-0.07,0.19,0.23
"Trachurus_trachurus_adu","Merluccius_merluccius_juv",28,"x_cause_y",1,20,5,0.796,0,-0.03,0.21,0.23
"Trisopterus_capelanus_adu","Merluccius_merluccius_juv",28,"x_cause_y",1,21,5,0.012,0.27,0.71,0.18,0.23
"Sardina_pilchardus","Merluccius_merluccius_juv",27,"x_cause_y",1,22,5,0.015,0.26,-0.67,0.23,0.22
"Engraulis_encrasicolus","Merluccius_merluccius_juv",27,"x_cause_y",1,23,5,0.11,0.11,0.51,0.31,0.22
"Citharus_linguatula","Merluccius_merluccius_juv",28,"x_cause_y",1,24,5,0.467,0.02,0.14,0.17,0.23
"Illex_coindetii","Merluccius_merluccius_juv",28,"x_cause_y",1,25,5,0.034,0.19,-0.25,0.07,0.23
"Lepidorhombus_boscii","Merluccius_merluccius_juv",28,"x_cause_y",1,26,5,0.197,0.07,0.54,0.2,0.23
"Loligo_vulgaris","Merluccius_merluccius_juv",28,"x_cause_y",1,27,5,0.024,0.22,-0.18,0.07,0.23
"Lophius_piscatorius","Merluccius_merluccius_juv",28,"x_cause_y",1,28,5,0.936,0,0.02,0.23,0.23
"Micromesistius_poutassou","Merluccius_merluccius_juv",28,"x_cause_y",1,29,5,0.258,0.05,0.13,0.22,0.23
"Mullus_surmuletus","Merluccius_merluccius_juv",28,"x_cause_y",1,30,5,0.283,0.05,0.3,0.21,0.23
"Octopus_vulgaris","Merluccius_merluccius_juv",28,"x_cause_y",1,31,5,0.626,0.01,-0.16,0.19,0.23
"Pagellus_acarne","Merluccius_merluccius_juv",28,"x_cause_y",1,32,5,0.027,0.21,0.35,0.06,0.23
"Pagellus_bogaraveo","Merluccius_merluccius_juv",28,"x_cause_y",1,33,5,0.06,0.15,-0.19,0.17,0.23
"Pagellus_erythrinus","Merluccius_merluccius_juv",28,"x_cause_y",1,34,5,0.256,0.05,-0.15,0.14,0.23
"Solea_solea","Merluccius_merluccius_juv",28,"x_cause_y",1,35,5,0.036,0.19,0.32,0.14,0.23
"Zeus_faber","Merluccius_merluccius_juv",28,"x_cause_y",1,36,5,0.007,0.3,0.48,-0.02,0.23
"Eledone_cirrhosa_juv","Eledone_cirrhosa_adu",28,"x_cause_y",1,1,11,0.008,0.29,-0.42,0.31,0.1
"Eutrigla_gurnardus_juv","Eledone_cirrhosa_adu",28,"x_cause_y",1,2,11,0.811,0,0.05,0.09,0.1
"Helicolenus_dactylopterus_juv","Eledone_cirrhosa_adu",28,"x_cause_y",1,3,11,0.065,0.14,-0.22,0.08,0.1
"Lophius_budegassa_juv","Eledone_cirrhosa_adu",28,"x_cause_y",1,4,11,0.215,0.06,-0.14,0.03,0.1
"Merluccius_merluccius_juv","Eledone_cirrhosa_adu",28,"x_cause_y",1,5,11,0.249,0.05,0.16,0.07,0.1
"Nephrops_norvegicus_juv","Eledone_cirrhosa_adu",28,"x_cause_y",1,6,11,0.618,0.01,-0.08,0.12,0.1
"Phycis_blennoides_juv","Eledone_cirrhosa_adu",28,"x_cause_y",1,7,11,0.434,0.02,0.11,0.06,0.1
"Trachurus_mediterraneus_juv","Eledone_cirrhosa_adu",28,"x_cause_y",1,8,11,0.929,0,-0.01,0.09,0.1
"Trachurus_trachurus_juv","Eledone_cirrhosa_adu",28,"x_cause_y",1,9,11,0.056,0.15,-0.2,-0.06,0.1
"Trisopterus_capelanus_juv","Eledone_cirrhosa_adu",28,"x_cause_y",1,10,11,0.094,0.12,0.24,0.03,0.1
"Eutrigla_gurnardus_adu","Eledone_cirrhosa_adu",28,"x_cause_y",1,12,11,0.48,0.02,0.11,0.05,0.1
"Helicolenus_dactylopterus_adu","Eledone_cirrhosa_adu",28,"x_cause_y",1,13,11,0.117,0.1,-0.38,0.01,0.1
"Lophius_budegassa_adu","Eledone_cirrhosa_adu",28,"x_cause_y",1,14,11,0.295,0.04,0.21,-0.01,0.1
"Merluccius_merluccius_adu","Eledone_cirrhosa_adu",28,"x_cause_y",1,15,11,0.107,0.11,-0.35,0.14,0.1
"Mullus_barbatus_adu","Eledone_cirrhosa_adu",28,"x_cause_y",1,16,11,0.017,0.23,-0.33,-0.06,0.1
"Nephrops_norvegicus_adu","Eledone_cirrhosa_adu",28,"x_cause_y",1,17,11,0.239,0.06,-0.25,0.06,0.1
"Phycis_blennoides_adu","Eledone_cirrhosa_adu",28,"x_cause_y",1,18,11,0.446,0.02,-0.19,0.17,0.1
"Trachurus_mediterraneus_adu","Eledone_cirrhosa_adu",28,"x_cause_y",1,19,11,0.614,0.01,-0.05,0.04,0.1
"Trachurus_trachurus_adu","Eledone_cirrhosa_adu",28,"x_cause_y",1,20,11,0.1,0.11,-0.16,-0.1,0.1
"Trisopterus_capelanus_adu","Eledone_cirrhosa_adu",28,"x_cause_y",1,21,11,0.742,0,-0.08,0.13,0.1
"Sardina_pilchardus","Eledone_cirrhosa_adu",27,"x_cause_y",1,22,11,0.767,0,0.05,0,-0.01
"Engraulis_encrasicolus","Eledone_cirrhosa_adu",27,"x_cause_y",1,23,11,0.219,0.06,-0.24,0.02,-0.01
"Citharus_linguatula","Eledone_cirrhosa_adu",28,"x_cause_y",1,24,11,0.358,0.03,0.12,0.03,0.1
"Illex_coindetii","Eledone_cirrhosa_adu",28,"x_cause_y",1,25,11,0.116,0.1,-0.12,0.04,0.1
"Lepidorhombus_boscii","Eledone_cirrhosa_adu",28,"x_cause_y",1,26,11,0.706,0,-0.12,0.11,0.1
"Loligo_vulgaris","Eledone_cirrhosa_adu",28,"x_cause_y",1,27,11,0.854,0,-0.01,0.09,0.1
"Lophius_piscatorius","Eledone_cirrhosa_adu",28,"x_cause_y",1,28,11,0.237,0.06,-0.16,0.05,0.1
"Micromesistius_poutassou","Eledone_cirrhosa_adu",28,"x_cause_y",1,29,11,0.926,0,-0.01,0.11,0.1
"Mullus_surmuletus","Eledone_cirrhosa_adu",28,"x_cause_y",1,30,11,0.556,0.01,0.12,0.06,0.1
"Octopus_vulgaris","Eledone_cirrhosa_adu",28,"x_cause_y",1,31,11,0.958,0,0.01,0.09,0.1
"Pagellus_acarne","Eledone_cirrhosa_adu",28,"x_cause_y",1,32,11,0.572,0.01,0.06,0.08,0.1
"Pagellus_bogaraveo","Eledone_cirrhosa_adu",28,"x_cause_y",1,33,11,0.249,0.05,-0.08,0.06,0.1
"Pagellus_erythrinus","Eledone_cirrhosa_adu",28,"x_cause_y",1,34,11,0.541,0.01,-0.06,0.04,0.1
"Solea_solea","Eledone_cirrhosa_adu",28,"x_cause_y",1,35,11,0.718,0,0.04,0.07,0.1
"Zeus_faber","Eledone_cirrhosa_adu",28,"x_cause_y",1,36,11,0.796,0,0.03,0.08,0.1
"Eledone_cirrhosa_juv","Lophius_budegassa_adu",28,"x_cause_y",1,1,14,0.801,-0.01,-0.04,0.48,0.49
"Eutrigla_gurnardus_juv","Lophius_budegassa_adu",28,"x_cause_y",1,2,14,0.993,-0.01,0,0.49,0.49
"Helicolenus_dactylopterus_juv","Lophius_budegassa_adu",28,"x_cause_y",1,3,14,0.811,-0.01,-0.03,0.5,0.49
"Lophius_budegassa_juv","Lophius_budegassa_adu",28,"x_cause_y",1,4,14,0.01,0.27,-0.25,0.41,0.49
"Merluccius_merluccius_juv","Lophius_budegassa_adu",28,"x_cause_y",1,5,14,0.419,0.02,0.11,0.42,0.49
"Nephrops_norvegicus_juv","Lophius_budegassa_adu",28,"x_cause_y",1,6,14,0.652,0,-0.07,0.52,0.49
"Phycis_blennoides_juv","Lophius_budegassa_adu",28,"x_cause_y",1,7,14,0.355,0.03,0.13,0.43,0.49
"Trachurus_mediterraneus_juv","Lophius_budegassa_adu",28,"x_cause_y",1,8,14,0.84,-0.01,0.01,0.49,0.49
"Trachurus_trachurus_juv","Lophius_budegassa_adu",28,"x_cause_y",1,9,14,0.098,0.1,-0.15,0.41,0.49
"Trisopterus_capelanus_juv","Lophius_budegassa_adu",28,"x_cause_y",1,10,14,0.655,0,0.06,0.49,0.49
"Eledone_cirrhosa_adu","Lophius_budegassa_adu",28,"x_cause_y",1,11,14,0.585,0,0.11,0.45,0.49
"Eutrigla_gurnardus_adu","Lophius_budegassa_adu",28,"x_cause_y",1,12,14,0.616,0,0.09,0.42,0.49
"Helicolenus_dactylopterus_adu","Lophius_budegassa_adu",28,"x_cause_y",1,13,14,0.236,0.05,-0.25,0.5,0.49
"Merluccius_merluccius_adu","Lophius_budegassa_adu",28,"x_cause_y",1,15,14,0.116,0.1,-0.35,0.62,0.49
"Mullus_barbatus_adu","Lophius_budegassa_adu",28,"x_cause_y",1,16,14,0.036,0.17,-0.29,0.32,0.49
"Nephrops_norvegicus_adu","Lophius_budegassa_adu",28,"x_cause_y",1,17,14,0.757,0,-0.07,0.5,0.49
"Phycis_blennoides_adu","Lophius_budegassa_adu",28,"x_cause_y",1,18,14,0.77,-0.01,0.07,0.46,0.49
"Trachurus_mediterraneus_adu","Lophius_budegassa_adu",28,"x_cause_y",1,19,14,0.071,0.13,-0.15,0.38,0.49
"Trachurus_trachurus_adu","Lophius_budegassa_adu",28,"x_cause_y",1,20,14,0.456,0.01,-0.06,0.45,0.49
"Trisopterus_capelanus_adu","Lophius_budegassa_adu",28,"x_cause_y",1,21,14,0.038,0.17,0.43,0.3,0.49
"Sardina_pilchardus","Lophius_budegassa_adu",27,"x_cause_y",1,22,14,0.08,0.13,-0.32,0.33,0.43
"Engraulis_encrasicolus","Lophius_budegassa_adu",27,"x_cause_y",1,23,14,0.537,0.01,0.12,0.45,0.43
"Citharus_linguatula","Lophius_budegassa_adu",28,"x_cause_y",1,24,14,0.732,0,0.05,0.45,0.49
"Illex_coindetii","Lophius_budegassa_adu",28,"x_cause_y",1,25,14,0.96,-0.01,0,0.49,0.49
"Lepidorhombus_boscii","Lophius_budegassa_adu",28,"x_cause_y",1,26,14,0.69,0,0.12,0.45,0.49
"Loligo_vulgaris","Lophius_budegassa_adu",28,"x_cause_y",1,27,14,0.104,0.1,-0.08,0.5,0.49
"Lophius_piscatorius","Lophius_budegassa_adu",28,"x_cause_y",1,28,14,0.051,0.15,-0.23,0.5,0.49
"Micromesistius_poutassou","Lophius_budegassa_adu",28,"x_cause_y",1,29,14,0.903,-0.01,0.01,0.49,0.49
"Mullus_surmuletus","Lophius_budegassa_adu",28,"x_cause_y",1,30,14,0.493,0.01,-0.12,0.52,0.49
"Octopus_vulgaris","Lophius_budegassa_adu",28,"x_cause_y",1,31,14,0.831,-0.01,-0.04,0.49,0.49
"Pagellus_acarne","Lophius_budegassa_adu",28,"x_cause_y",1,32,14,0.213,0.06,0.13,0.43,0.49
"Pagellus_bogaraveo","Lophius_budegassa_adu",28,"x_cause_y",1,33,14,0.01,0.27,-0.16,0.39,0.49
"Pagellus_erythrinus","Lophius_budegassa_adu",28,"x_cause_y",1,34,14,0.207,0.06,-0.11,0.41,0.49
"Solea_solea","Lophius_budegassa_adu",28,"x_cause_y",1,35,14,0.104,0.1,0.22,0.24,0.49
"Zeus_faber","Lophius_budegassa_adu",28,"x_cause_y",1,36,14,0.771,0,-0.04,0.53,0.49
"Eledone_cirrhosa_juv","Merluccius_merluccius_adu",28,"x_cause_y",1,1,15,0.684,0.01,0.06,-0.11,-0.11
"Eutrigla_gurnardus_juv","Merluccius_merluccius_adu",28,"x_cause_y",1,2,15,0.158,0.08,0.27,-0.13,-0.11
"Helicolenus_dactylopterus_juv","Merluccius_merluccius_adu",28,"x_cause_y",1,3,15,0.816,0,0.03,-0.13,-0.11
"Lophius_budegassa_juv","Merluccius_merluccius_adu",28,"x_cause_y",1,4,15,0.767,0,-0.03,-0.11,-0.11
"Merluccius_merluccius_juv","Merluccius_merluccius_adu",28,"x_cause_y",1,5,15,0.003,0.38,0.35,-0.12,-0.11
"Nephrops_norvegicus_juv","Merluccius_merluccius_adu",28,"x_cause_y",1,6,15,0.111,0.11,0.23,-0.21,-0.11
"Phycis_blennoides_juv","Merluccius_merluccius_adu",28,"x_cause_y",1,7,15,0.101,0.11,0.21,-0.12,-0.11
"Trachurus_mediterraneus_juv","Merluccius_merluccius_adu",28,"x_cause_y",1,8,15,0.336,0.04,0.05,-0.15,-0.11
"Trachurus_trachurus_juv","Merluccius_merluccius_adu",28,"x_cause_y",1,9,15,0.147,0.09,-0.13,-0.14,-0.11
"Trisopterus_capelanus_juv","Merluccius_merluccius_adu",28,"x_cause_y",1,10,15,0.088,0.12,0.24,0.01,-0.11
"Eledone_cirrhosa_adu","Merluccius_merluccius_adu",28,"x_cause_y",1,11,15,0.495,0.02,0.13,-0.13,-0.11
"Eutrigla_gurnardus_adu","Merluccius_merluccius_adu",28,"x_cause_y",1,12,15,0.004,0.35,0.38,-0.26,-0.11
"Helicolenus_dactylopterus_adu","Merluccius_merluccius_adu",28,"x_cause_y",1,13,15,0.895,0,0.03,-0.12,-0.11
"Lophius_budegassa_adu","Merluccius_merluccius_adu",28,"x_cause_y",1,14,15,0.016,0.24,0.43,-0.34,-0.11
"Mullus_barbatus_adu","Merluccius_merluccius_adu",28,"x_cause_y",1,16,15,0.142,0.09,-0.19,-0.15,-0.11
"Nephrops_norvegicus_adu","Merluccius_merluccius_adu",28,"x_cause_y",1,17,15,0.367,0.03,0.2,-0.2,-0.11
"Phycis_blennoides_adu","Merluccius_merluccius_adu",28,"x_cause_y",1,18,15,0.834,0,0.05,-0.13,-0.11
"Trachurus_mediterraneus_adu","Merluccius_merluccius_adu",28,"x_cause_y",1,19,15,0.233,0.06,-0.1,-0.05,-0.11
"Trachurus_trachurus_adu","Merluccius_merluccius_adu",28,"x_cause_y",1,20,15,0.449,0.02,-0.06,-0.11,-0.11
"Trisopterus_capelanus_adu","Merluccius_merluccius_adu",28,"x_cause_y",1,21,15,0.214,0.07,0.25,-0.21,-0.11
"Sardina_pilchardus","Merluccius_merluccius_adu",27,"x_cause_y",1,22,15,0.841,0,0.04,-0.1,-0.11
"Engraulis_encrasicolus","Merluccius_merluccius_adu",27,"x_cause_y",1,23,15,0.069,0.15,-0.35,-0.09,-0.11
"Citharus_linguatula","Merluccius_merluccius_adu",28,"x_cause_y",1,24,15,0.036,0.19,0.24,-0.24,-0.11
"Illex_coindetii","Merluccius_merluccius_adu",28,"x_cause_y",1,25,15,0.831,0,-0.02,-0.12,-0.11
"Lepidorhombus_boscii","Merluccius_merluccius_adu",28,"x_cause_y",1,26,15,0.304,0.04,0.3,-0.2,-0.11
"Loligo_vulgaris","Merluccius_merluccius_adu",28,"x_cause_y",1,27,15,0.649,0.01,0.02,-0.1,-0.11
"Lophius_piscatorius","Merluccius_merluccius_adu",28,"x_cause_y",1,28,15,0.572,0.01,0.07,-0.12,-0.11
"Micromesistius_poutassou","Merluccius_merluccius_adu",28,"x_cause_y",1,29,15,0.501,0.02,-0.05,-0.12,-0.11
"Mullus_surmuletus","Merluccius_merluccius_adu",28,"x_cause_y",1,30,15,0.821,0,-0.04,-0.11,-0.11
"Octopus_vulgaris","Merluccius_merluccius_adu",28,"x_cause_y",1,31,15,0.767,0,0.06,-0.11,-0.11
"Pagellus_acarne","Merluccius_merluccius_adu",28,"x_cause_y",1,32,15,0.822,0,0.02,-0.12,-0.11
"Pagellus_bogaraveo","Merluccius_merluccius_adu",28,"x_cause_y",1,33,15,0.378,0.03,-0.06,-0.14,-0.11
"Pagellus_erythrinus","Merluccius_merluccius_adu",28,"x_cause_y",1,34,15,0.481,0.02,-0.06,-0.13,-0.11
"Solea_solea","Merluccius_merluccius_adu",28,"x_cause_y",1,35,15,0.066,0.14,0.18,-0.2,-0.11
"Zeus_faber","Merluccius_merluccius_adu",28,"x_cause_y",1,36,15,0.219,0.06,0.14,-0.22,-0.11
"Eledone_cirrhosa_juv","Mullus_barbatus_adu",28,"x_cause_y",1,1,16,0.695,-0.03,0.05,0.91,0.92
"Eutrigla_gurnardus_juv","Mullus_barbatus_adu",28,"x_cause_y",1,2,16,0.4,-0.01,0.16,0.95,0.92
"Helicolenus_dactylopterus_juv","Mullus_barbatus_adu",28,"x_cause_y",1,3,16,0.739,-0.03,0.03,0.92,0.92
"Lophius_budegassa_juv","Mullus_barbatus_adu",28,"x_cause_y",1,4,16,0.132,0.06,0.17,0.8,0.92
"Merluccius_merluccius_juv","Mullus_barbatus_adu",28,"x_cause_y",1,5,16,0.189,0.04,-0.19,0.81,0.92
"Nephrops_norvegicus_juv","Mullus_barbatus_adu",28,"x_cause_y",1,6,16,0.832,-0.04,-0.02,0.91,0.92
"Phycis_blennoides_juv","Mullus_barbatus_adu",28,"x_cause_y",1,7,16,0.861,-0.04,-0.02,0.91,0.92
"Trachurus_mediterraneus_juv","Mullus_barbatus_adu",28,"x_cause_y",1,8,16,0.483,-0.02,0.04,0.88,0.92
"Trachurus_trachurus_juv","Mullus_barbatus_adu",28,"x_cause_y",1,9,16,0.802,-0.04,0.02,0.9,0.92
"Trisopterus_capelanus_juv","Mullus_barbatus_adu",28,"x_cause_y",1,10,16,0.874,-0.04,-0.02,0.91,0.92
"Eledone_cirrhosa_adu","Mullus_barbatus_adu",28,"x_cause_y",1,11,16,0.518,-0.02,-0.12,0.89,0.92
"Eutrigla_gurnardus_adu","Mullus_barbatus_adu",28,"x_cause_y",1,12,16,0.456,-0.01,-0.12,0.86,0.92
"Helicolenus_dactylopterus_adu","Mullus_barbatus_adu",28,"x_cause_y",1,13,16,0.723,-0.03,-0.07,0.91,0.92
"Lophius_budegassa_adu","Mullus_barbatus_adu",28,"x_cause_y",1,14,16,0.733,-0.03,-0.06,0.89,0.92
"Merluccius_merluccius_adu","Mullus_barbatus_adu",28,"x_cause_y",1,15,16,0.691,-0.03,-0.08,0.91,0.92
"Nephrops_norvegicus_adu","Mullus_barbatus_adu",28,"x_cause_y",1,17,16,0.31,0,-0.19,0.88,0.92
"Phycis_blennoides_adu","Mullus_barbatus_adu",28,"x_cause_y",1,18,16,0.801,-0.03,-0.05,0.91,0.92
"Trachurus_mediterraneus_adu","Mullus_barbatus_adu",28,"x_cause_y",1,19,16,0.902,-0.04,0.01,0.9,0.92
"Trachurus_trachurus_adu","Mullus_barbatus_adu",28,"x_cause_y",1,20,16,0.037,0.14,0.16,0.8,0.92
"Trisopterus_capelanus_adu","Mullus_barbatus_adu",28,"x_cause_y",1,21,16,0.819,-0.04,-0.05,0.9,0.92
"Sardina_pilchardus","Mullus_barbatus_adu",27,"x_cause_y",1,22,16,0.415,-0.03,-0.13,0.92,0.91
"Engraulis_encrasicolus","Mullus_barbatus_adu",27,"x_cause_y",1,23,16,0.004,0.3,-0.51,0.99,0.91
"Citharus_linguatula","Mullus_barbatus_adu",28,"x_cause_y",1,24,16,0.466,-0.02,-0.09,0.87,0.92
"Illex_coindetii","Mullus_barbatus_adu",28,"x_cause_y",1,25,16,0.302,0.01,0.11,0.76,0.92
"Lepidorhombus_boscii","Mullus_barbatus_adu",28,"x_cause_y",1,26,16,0.031,0.16,0.55,0.98,0.92
"Loligo_vulgaris","Mullus_barbatus_adu",28,"x_cause_y",1,27,16,0.972,-0.04,0,0.91,0.92
"Lophius_piscatorius","Mullus_barbatus_adu",28,"x_cause_y",1,28,16,0.235,0.02,0.14,0.87,0.92
"Micromesistius_poutassou","Mullus_barbatus_adu",28,"x_cause_y",1,29,16,0.971,-0.04,0,0.92,0.92
"Mullus_surmuletus","Mullus_barbatus_adu",28,"x_cause_y",1,30,16,0.659,-0.03,-0.08,0.91,0.92
"Octopus_vulgaris","Mullus_barbatus_adu",28,"x_cause_y",1,31,16,0.795,-0.03,0.05,0.9,0.92
"Pagellus_acarne","Mullus_barbatus_adu",28,"x_cause_y",1,32,16,0.775,-0.03,-0.04,0.89,0.92
"Pagellus_bogaraveo","Mullus_barbatus_adu",28,"x_cause_y",1,33,16,0.656,-0.03,0.04,0.86,0.92
"Pagellus_erythrinus","Mullus_barbatus_adu",28,"x_cause_y",1,34,16,0.505,-0.02,0.09,0.8,0.92
"Solea_solea","Mullus_barbatus_adu",28,"x_cause_y",1,35,16,0.865,-0.04,-0.02,0.9,0.92
"Zeus_faber","Mullus_barbatus_adu",28,"x_cause_y",1,36,16,0.714,-0.03,0.04,0.94,0.92
"Eledone_cirrhosa_juv","Sardina_pilchardus",27,"x_cause_y",1,1,22,0.559,0.01,-0.11,0.17,0.16
"Eutrigla_gurnardus_juv","Sardina_pilchardus",27,"x_cause_y",1,2,22,0.214,0.07,-0.27,0.15,0.16
"Helicolenus_dactylopterus_juv","Sardina_pilchardus",27,"x_cause_y",1,3,22,0.2,0.07,-0.17,0.09,0.16
"Lophius_budegassa_juv","Sardina_pilchardus",27,"x_cause_y",1,4,22,0.757,0,0.04,0.14,0.16
"Merluccius_merluccius_juv","Sardina_pilchardus",27,"x_cause_y",1,5,22,0.83,0,-0.03,0.17,0.16
"Nephrops_norvegicus_juv","Sardina_pilchardus",27,"x_cause_y",1,6,22,0.374,0.03,-0.14,0.15,0.16
"Phycis_blennoides_juv","Sardina_pilchardus",27,"x_cause_y",1,7,22,0.244,0.06,-0.19,0.07,0.16
"Trachurus_mediterraneus_juv","Sardina_pilchardus",27,"x_cause_y",1,8,22,0.935,0,0.01,0.17,0.16
"Trachurus_trachurus_juv","Sardina_pilchardus",27,"x_cause_y",1,9,22,0.897,0,0.01,0.16,0.16
"Trisopterus_capelanus_juv","Sardina_pilchardus",27,"x_cause_y",1,10,22,0.004,0.37,-0.43,0.38,0.16
"Eledone_cirrhosa_adu","Sardina_pilchardus",27,"x_cause_y",1,11,22,0.584,0.01,-0.12,0.14,0.16
"Eutrigla_gurnardus_adu","Sardina_pilchardus",27,"x_cause_y",1,12,22,0.491,0.02,-0.11,0.17,0.16
"Helicolenus_dactylopterus_adu","Sardina_pilchardus",27,"x_cause_y",1,13,22,0.148,0.09,0.39,0.11,0.16
"Lophius_budegassa_adu","Sardina_pilchardus",27,"x_cause_y",1,14,22,0.816,0,0.05,0.18,0.16
"Merluccius_merluccius_adu","Sardina_pilchardus",27,"x_cause_y",1,15,22,0.238,0.06,0.27,0.22,0.16
"Mullus_barbatus_adu","Sardina_pilchardus",27,"x_cause_y",1,16,22,0.8,0,0.04,0.15,0.16
"Nephrops_norvegicus_adu","Sardina_pilchardus",27,"x_cause_y",1,17,22,0.557,0.01,0.13,0.18,0.16
"Phycis_blennoides_adu","Sardina_pilchardus",27,"x_cause_y",1,18,22,0.679,0.01,0.12,0.2,0.16
"Trachurus_mediterraneus_adu","Sardina_pilchardus",27,"x_cause_y",1,19,22,0.192,0.07,0.13,0.1,0.16
"Trachurus_trachurus_adu","Sardina_pilchardus",27,"x_cause_y",1,20,22,0.72,0,0.03,0.15,0.16
"Trisopterus_capelanus_adu","Sardina_pilchardus",27,"x_cause_y",1,21,22,0.266,0.05,-0.26,0.07,0.16
"Engraulis_encrasicolus","Sardina_pilchardus",27,"x_cause_y",1,23,22,0.869,0,-0.04,0.16,0.16
"Citharus_linguatula","Sardina_pilchardus",27,"x_cause_y",1,24,22,0.612,0.01,-0.07,0.14,0.16
"Illex_coindetii","Sardina_pilchardus",27,"x_cause_y",1,25,22,0.766,0,0.02,0.15,0.16
"Lepidorhombus_boscii","Sardina_pilchardus",27,"x_cause_y",1,26,22,0.985,0,0,0.16,0.16
"Loligo_vulgaris","Sardina_pilchardus",27,"x_cause_y",1,27,22,0.31,0.04,-0.06,0.21,0.16
"Lophius_piscatorius","Sardina_pilchardus",27,"x_cause_y",1,28,22,0.899,0,-0.02,0.18,0.16
"Micromesistius_poutassou","Sardina_pilchardus",27,"x_cause_y",1,29,22,0.74,0,0.03,0.17,0.16
"Mullus_surmuletus","Sardina_pilchardus",27,"x_cause_y",1,30,22,0.169,0.08,0.28,0.22,0.16
"Octopus_vulgaris","Sardina_pilchardus",27,"x_cause_y",1,31,22,0.9,0,-0.03,0.17,0.16
"Pagellus_acarne","Sardina_pilchardus",27,"x_cause_y",1,32,22,0.433,0.03,-0.09,0.14,0.16
"Pagellus_bogaraveo","Sardina_pilchardus",27,"x_cause_y",1,33,22,0.212,0.07,0.1,0.08,0.16
"Pagellus_erythrinus","Sardina_pilchardus",27,"x_cause_y",1,34,22,0.791,0,0.02,0.15,0.16
"Solea_solea","Sardina_pilchardus",27,"x_cause_y",1,35,22,0.907,0,-0.01,0.16,0.16
"Zeus_faber","Sardina_pilchardus",27,"x_cause_y",1,36,22,0.333,0.04,0.12,0.22,0.16
"Eledone_cirrhosa_juv","Engraulis_encrasicolus",27,"x_cause_y",1,1,23,0.816,0,-0.04,-0.31,-0.31
"Eutrigla_gurnardus_juv","Engraulis_encrasicolus",27,"x_cause_y",1,2,23,0.666,0.01,-0.09,-0.34,-0.31
"Helicolenus_dactylopterus_juv","Engraulis_encrasicolus",27,"x_cause_y",1,3,23,0.735,0,0.04,-0.31,-0.31
"Lophius_budegassa_juv","Engraulis_encrasicolus",27,"x_cause_y",1,4,23,0.981,0,0,-0.31,-0.31
"Merluccius_merluccius_juv","Engraulis_encrasicolus",27,"x_cause_y",1,5,23,0.833,0,0.03,-0.3,-0.31
"Nephrops_norvegicus_juv","Engraulis_encrasicolus",27,"x_cause_y",1,6,23,0.996,0,0,-0.32,-0.31
"Phycis_blennoides_juv","Engraulis_encrasicolus",27,"x_cause_y",1,7,23,0.865,0,0.02,-0.31,-0.31
"Trachurus_mediterraneus_juv","Engraulis_encrasicolus",27,"x_cause_y",1,8,23,0.663,0.01,-0.02,-0.31,-0.31
"Trachurus_trachurus_juv","Engraulis_encrasicolus",27,"x_cause_y",1,9,23,0.481,0.02,0.07,-0.33,-0.31
"Trisopterus_capelanus_juv","Engraulis_encrasicolus",27,"x_cause_y",1,10,23,0.368,0.04,0.12,-0.31,-0.31
"Eledone_cirrhosa_adu","Engraulis_encrasicolus",27,"x_cause_y",1,11,23,0.899,0,0.03,-0.32,-0.31
"Eutrigla_gurnardus_adu","Engraulis_encrasicolus",27,"x_cause_y",1,12,23,0.067,0.15,-0.27,-0.41,-0.31
"Helicolenus_dactylopterus_adu","Engraulis_encrasicolus",27,"x_cause_y",1,13,23,0.578,0.01,-0.14,-0.3,-0.31
"Lophius_budegassa_adu","Engraulis_encrasicolus",27,"x_cause_y",1,14,23,0.479,0.02,-0.13,-0.34,-0.31
"Merluccius_merluccius_adu","Engraulis_encrasicolus",27,"x_cause_y",1,15,23,0.432,0.03,-0.16,-0.31,-0.31
"Mullus_barbatus_adu","Engraulis_encrasicolus",27,"x_cause_y",1,16,23,0.336,0.04,0.13,-0.37,-0.31
"Nephrops_norvegicus_adu","Engraulis_encrasicolus",27,"x_cause_y",1,17,23,0.85,0,-0.04,-0.31,-0.31
"Phycis_blennoides_adu","Engraulis_encrasicolus",27,"x_cause_y",1,18,23,0.45,0.02,0.18,-0.36,-0.31
"Trachurus_mediterraneus_adu","Engraulis_encrasicolus",27,"x_cause_y",1,19,23,0.566,0.01,-0.05,-0.32,-0.31
"Trachurus_trachurus_adu","Engraulis_encrasicolus",27,"x_cause_y",1,20,23,0.951,0,0,-0.31,-0.31
"Trisopterus_capelanus_adu","Engraulis_encrasicolus",27,"x_cause_y",1,21,23,0.434,0.03,-0.15,-0.32,-0.31
"Sardina_pilchardus","Engraulis_encrasicolus",27,"x_cause_y",1,22,23,0.542,0.02,-0.11,-0.34,-0.31
"Citharus_linguatula","Engraulis_encrasicolus",27,"x_cause_y",1,24,23,0.34,0.04,-0.12,-0.37,-0.31
"Illex_coindetii","Engraulis_encrasicolus",27,"x_cause_y",1,25,23,0.195,0.07,0.1,-0.36,-0.31
"Lepidorhombus_boscii","Engraulis_encrasicolus",27,"x_cause_y",1,26,23,0.214,0.07,-0.36,-0.41,-0.31
"Loligo_vulgaris","Engraulis_encrasicolus",27,"x_cause_y",1,27,23,0.929,0,0,-0.32,-0.31
"Lophius_piscatorius","Engraulis_encrasicolus",27,"x_cause_y",1,28,23,0.395,0.03,-0.12,-0.35,-0.31
"Micromesistius_poutassou","Engraulis_encrasicolus",27,"x_cause_y",1,29,23,0.828,0,-0.02,-0.32,-0.31
"Mullus_surmuletus","Engraulis_encrasicolus",27,"x_cause_y",1,30,23,0.445,0.02,0.14,-0.36,-0.31
"Octopus_vulgaris","Engraulis_encrasicolus",27,"x_cause_y",1,31,23,0.166,0.08,0.28,-0.36,-0.31
"Pagellus_acarne","Engraulis_encrasicolus",27,"x_cause_y",1,32,23,0.606,0.01,-0.05,-0.29,-0.31
"Pagellus_bogaraveo","Engraulis_encrasicolus",27,"x_cause_y",1,33,23,0.761,0,0.02,-0.32,-0.31
"Pagellus_erythrinus","Engraulis_encrasicolus",27,"x_cause_y",1,34,23,0.074,0.14,0.14,-0.37,-0.31
"Solea_solea","Engraulis_encrasicolus",27,"x_cause_y",1,35,23,0.067,0.15,-0.18,-0.33,-0.31
"Zeus_faber","Engraulis_encrasicolus",27,"x_cause_y",1,36,23,0.115,0.11,-0.17,-0.38,-0.31
